Date,Time,Total Contacts
2026-04-11,14:16:27,7
2026-04-12,16:14:11,9
2026-04-13,09:51:32,9
2026-04-14,09:14:33,9
2026-04-15,03:00:41,4,5
2026-04-15,09:15:05,4,5
2026-04-16,09:15:00,4,5
2026-04-17,09:13:28,4,5
2026-04-18,08:42:33,4,6
2026-04-19,08:49:47,4,6
2026-04-20,09:55:00,4,6
2026-04-21,09:21:42,4,6
2026-04-22,09:16:16,4,6
2026-04-23,09:23:35,4,6
2026-04-24,09:27:55,4,6
2026-04-25,08:46:41,4,6
2026-04-26,08:55:58,4,6
2026-04-27,10:10:50,6,6
2026-04-28,10:10:27,6,6
2026-04-29,10:01:45,6,6
2026-04-30,10:03:02,6,6
2026-05-01,09:29:31,6,6
2026-05-02,09:01:57,6,6
2026-05-03,09:19:23,6,6
2026-05-04,10:09:53,6,6
2026-05-05,09:58:39,6,6
2026-05-06,10:13:18,6,6
